timestamp,status_code,user_id,ip_address,http_method,url,response_time_ms
2024-09-16 21:59:30,200,user10,192.168.231.225,GET,/customer.html,771
2024-09-17 05:45:30,200,user17,192.168.248.111,GET,/customer.html,382
2024-09-17 11:38:30,200,user7,192.168.254.169,GET,/report.html,251
2024-09-16 19:29:30,302,user2,192.168.241.225,GET,/report.html,674
2024-09-17 11:58:30,403,user5,192.168.205.183,DELETE,/settings.html,651
2024-09-17 02:31:30,404,user16,192.168.150.166,PUT,/report.html,302
2024-09-16 17:25:30,200,user13,192.168.181.21,POST,/login.html,170
2024-09-16 21:24:30,200,user13,192.168.181.21,POST,/logout.html,522
2024-09-17 12:55:30,404,user13,192.168.135.165,GET,/customer.html,786
2024-09-16 21:20:30,404,user3,192.168.61.42,POST,/product.html,227
2024-09-17 10:09:30,200,user11,192.168.75.252,POST,/login.html,50
2024-09-16 20:47:30,200,user11,192.168.75.252,POST,/logout.html,321
2024-09-17 11:17:30,404,user17,192.168.231.235,DELETE,/product.html,142
2024-09-16 21:53:30,200,user1,192.168.197.205,PUT,/index.html,690
2024-09-16 19:57:30,404,user8,192.168.122.25,DELETE,/report.html,728
2024-09-17 10:06:30,200,user20,192.168.227.223,GET,/index.html,626
2024-09-17 06:40:30,404,user11,192.168.161.12,POST,/settings.html,352
2024-09-16 19:59:30,403,user15,192.168.153.142,DELETE,/settings.html,709
2024-09-17 15:21:30,404,user4,192.168.8.191,GET,/product.html,396
2024-09-17 02:08:30,404,user3,192.168.174.125,GET,/index.html,653
2024-09-17 04:39:30,200,user4,192.168.63.209,POST,/customer.html,185
2024-09-16 20:41:30,500,user3,192.168.177.40,POST,/settings.html,264
2024-09-17 10:08:30,302,user17,192.168.222.179,GET,/settings.html,274
2024-09-17 09:48:30,500,user14,192.168.95.193,DELETE,/index.html,833
2024-09-17 05:05:30,302,user18,192.168.34.104,GET,/index.html,867
2024-09-17 03:20:30,200,user17,192.168.183.202,POST,/login.html,123
2024-09-17 07:54:30,200,user17,192.168.183.202,POST,/logout.html,99
2024-09-17 01:17:30,403,user3,192.168.128.230,PUT,/settings.html,402
2024-09-17 12:18:30,404,user4,192.168.239.190,POST,/index.html,451
2024-09-17 05:28:30,200,user20,192.168.99.178,DELETE,/index.html,416
2024-09-17 02:35:30,500,user8,192.168.245.89,PUT,/report.html,492
2024-09-17 02:57:30,403,user16,192.168.253.69,DELETE,/settings.html,700
2024-09-17 08:56:30,404,user1,192.168.53.163,GET,/settings.html,336
2024-09-16 23:08:30,302,user20,192.168.130.92,DELETE,/customer.html,463
2024-09-17 08:35:30,200,user11,192.168.29.105,POST,/login.html,720
2024-09-16 22:22:30,200,user11,192.168.29.105,POST,/logout.html,263
2024-09-17 01:59:30,404,user5,192.168.119.247,PUT,/settings.html,615
2024-09-16 21:24:30,404,user16,192.168.194.36,PUT,/index.html,470
2024-09-17 12:24:30,404,user2,192.168.120.129,DELETE,/index.html,648
2024-09-16 16:34:30,500,user15,192.168.39.87,GET,/product.html,347
2024-09-17 13:45:30,200,user10,192.168.215.81,DELETE,/report.html,598
2024-09-17 04:35:30,403,user13,192.168.172.43,GET,/product.html,423
2024-09-16 20:02:30,200,user9,192.168.80.207,POST,/settings.html,565
2024-09-16 19:37:30,200,user12,192.168.107.190,POST,/login.html,608
2024-09-16 23:37:30,200,user12,192.168.107.190,POST,/logout.html,148
2024-09-17 07:13:30,200,user14,192.168.132.27,POST,/login.html,181
2024-09-17 11:52:30,200,user14,192.168.132.27,POST,/logout.html,623
2024-09-16 23:43:30,200,user13,192.168.131.31,GET,/settings.html,132
2024-09-16 20:30:30,500,user13,192.168.141.96,DELETE,/product.html,808
2024-09-16 17:23:30,200,user16,192.168.103.88,POST,/login.html,763
2024-09-16 17:45:30,200,user16,192.168.103.88,POST,/logout.html,588
2024-09-16 21:26:30,302,user8,192.168.44.220,DELETE,/report.html,249
2024-09-16 20:43:30,302,user15,192.168.242.17,DELETE,/customer.html,841
2024-09-17 07:39:30,403,user6,192.168.205.16,GET,/settings.html,221
2024-09-17 04:31:30,302,user13,192.168.251.137,DELETE,/customer.html,520
2024-09-17 05:14:30,404,user16,192.168.153.108,DELETE,/index.html,561
2024-09-16 16:42:30,500,user16,192.168.24.28,POST,/settings.html,598
2024-09-17 12:57:30,302,user15,192.168.145.30,POST,/index.html,208
2024-09-17 03:48:30,302,user15,192.168.76.212,DELETE,/report.html,541
2024-09-16 23:18:30,404,user5,192.168.241.184,POST,/product.html,669
2024-09-17 03:33:30,500,user11,192.168.168.148,GET,/settings.html,812
2024-09-16 21:42:30,404,user10,192.168.31.108,PUT,/index.html,700
2024-09-17 10:13:30,500,user17,192.168.45.148,PUT,/customer.html,590
2024-09-16 21:25:30,302,user9,192.168.19.102,DELETE,/settings.html,329
2024-09-16 17:54:30,403,user6,192.168.196.196,PUT,/settings.html,897
2024-09-17 13:16:30,500,user9,192.168.253.215,POST,/settings.html,182
2024-09-16 18:21:30,302,user17,192.168.117.190,POST,/report.html,359
2024-09-17 13:02:30,500,user16,192.168.69.219,POST,/settings.html,840
2024-09-17 12:26:30,302,user3,192.168.155.38,GET,/report.html,945
2024-09-17 02:51:30,200,user7,192.168.51.193,GET,/customer.html,590
2024-09-16 21:29:30,500,user5,192.168.9.136,PUT,/product.html,116
2024-09-16 18:26:30,200,user18,192.168.55.170,DELETE,/settings.html,208
2024-09-16 21:21:30,200,user19,192.168.148.40,DELETE,/product.html,550
2024-09-17 08:10:30,403,user3,192.168.44.252,GET,/index.html,187
2024-09-17 15:17:30,403,user12,192.168.94.188,PUT,/index.html,608
2024-09-17 15:59:30,403,user11,192.168.170.212,PUT,/index.html,564
2024-09-17 15:11:30,404,user19,192.168.211.224,PUT,/report.html,300
2024-09-17 07:48:30,404,user1,192.168.239.15,GET,/report.html,521
2024-09-17 11:40:30,404,user19,192.168.210.59,PUT,/settings.html,445
2024-09-17 15:51:30,500,user11,192.168.168.209,GET,/customer.html,396
2024-09-16 18:58:30,302,user11,192.168.200.170,PUT,/customer.html,273
2024-09-16 17:55:30,404,user2,192.168.159.68,GET,/product.html,153
2024-09-17 03:27:30,403,user16,192.168.71.183,PUT,/report.html,692
2024-09-17 05:03:30,200,user18,192.168.55.16,PUT,/settings.html,825
2024-09-16 23:43:30,500,user20,192.168.186.204,PUT,/report.html,671
2024-09-17 00:34:30,500,user9,192.168.27.124,DELETE,/customer.html,72
2024-09-17 01:06:30,302,user1,192.168.30.196,GET,/report.html,404
2024-09-17 10:51:30,403,user6,192.168.80.139,DELETE,/settings.html,665
2024-09-16 19:47:30,500,user2,192.168.51.216,POST,/index.html,362
2024-09-17 11:16:30,403,user14,192.168.85.105,PUT,/report.html,51
2024-09-17 10:25:30,302,user12,192.168.69.241,DELETE,/product.html,439
2024-09-16 18:59:30,200,user11,192.168.59.26,POST,/login.html,236
2024-09-17 11:02:30,200,user11,192.168.59.26,POST,/logout.html,70
2024-09-16 21:43:30,200,user7,192.168.223.137,POST,/login.html,112
2024-09-16 17:54:30,200,user7,192.168.223.137,POST,/logout.html,56
2024-09-16 22:47:30,200,user9,192.168.202.37,DELETE,/customer.html,165
2024-09-17 04:49:30,403,user18,192.168.217.35,GET,/index.html,689
2024-09-17 03:51:30,200,user18,192.168.168.211,POST,/login.html,636
2024-09-17 04:51:30,200,user18,192.168.168.211,POST,/logout.html,300
2024-09-17 09:46:30,404,user5,192.168.98.122,DELETE,/product.html,955
2024-09-16 18:10:30,500,user9,192.168.182.116,GET,/report.html,132
2024-09-17 00:00:30,302,user19,192.168.142.199,POST,/customer.html,508
2024-09-17 08:14:30,403,user9,192.168.64.9,PUT,/report.html,91
2024-09-17 07:19:30,403,user15,192.168.61.223,POST,/index.html,174
2024-09-16 20:44:30,500,user14,192.168.124.241,DELETE,/product.html,677
2024-09-16 16:46:30,404,user16,192.168.26.132,GET,/report.html,504
2024-09-17 00:32:30,500,user19,192.168.185.175,DELETE,/customer.html,840
2024-09-17 04:05:30,302,user9,192.168.180.72,PUT,/product.html,255
2024-09-17 15:40:30,200,user9,192.168.123.24,POST,/login.html,376
2024-09-17 10:10:30,200,user9,192.168.123.24,POST,/logout.html,875
2024-09-16 23:59:30,404,user8,192.168.211.204,POST,/report.html,405
2024-09-17 14:02:30,500,user1,192.168.89.37,PUT,/index.html,650
2024-09-16 23:30:30,404,user16,192.168.166.194,GET,/product.html,220
2024-09-17 04:43:30,403,user17,192.168.130.102,GET,/index.html,705
2024-09-17 08:55:30,200,user20,192.168.243.214,DELETE,/product.html,581
2024-09-17 10:33:30,403,user17,192.168.211.60,PUT,/product.html,161
2024-09-17 10:13:30,500,user12,192.168.55.78,GET,/customer.html,932
2024-09-17 07:07:30,403,user15,192.168.218.169,DELETE,/customer.html,54
2024-09-16 17:28:30,200,user10,192.168.29.142,POST,/report.html,756
2024-09-17 10:41:30,302,user7,192.168.240.73,POST,/customer.html,327
2024-09-17 02:01:30,403,user1,192.168.19.147,GET,/index.html,548
2024-09-17 13:32:30,404,user16,192.168.88.241,GET,/settings.html,477
2024-09-17 07:51:30,500,user18,192.168.142.107,POST,/settings.html,332
2024-09-17 06:05:30,404,user17,192.168.104.223,PUT,/index.html,339
2024-09-17 13:54:30,403,user11,192.168.228.135,POST,/customer.html,252
2024-09-17 00:45:30,200,user14,192.168.205.156,POST,/login.html,778
2024-09-17 02:16:30,200,user14,192.168.205.156,POST,/logout.html,834
2024-09-17 14:19:30,403,user1,192.168.52.117,POST,/customer.html,627
2024-09-17 05:04:30,500,user18,192.168.70.35,GET,/settings.html,338
2024-09-17 13:19:30,200,user11,192.168.125.9,POST,/login.html,890
2024-09-17 13:58:30,200,user11,192.168.125.9,POST,/logout.html,742
2024-09-17 08:03:30,404,user11,192.168.9.198,PUT,/product.html,493
2024-09-17 10:48:30,404,user7,192.168.217.79,PUT,/settings.html,283
2024-09-17 11:31:30,200,user17,192.168.105.245,POST,/login.html,969
2024-09-17 08:38:30,200,user17,192.168.105.245,POST,/logout.html,310
2024-09-17 08:25:30,403,user3,192.168.224.98,PUT,/report.html,489
2024-09-17 01:34:30,200,user7,192.168.199.104,PUT,/index.html,376
2024-09-17 06:38:30,404,user7,192.168.130.211,PUT,/product.html,383
2024-09-17 13:44:30,403,user16,192.168.213.21,POST,/report.html,117
2024-09-17 05:19:30,403,user18,192.168.103.194,PUT,/index.html,267
2024-09-17 01:55:30,500,user13,192.168.118.153,PUT,/index.html,684
2024-09-16 16:37:30,302,user17,192.168.188.128,DELETE,/product.html,240
2024-09-17 13:46:30,404,user5,192.168.68.22,DELETE,/report.html,938
2024-09-17 02:15:30,200,user2,192.168.250.149,GET,/settings.html,434
2024-09-16 22:34:30,404,user15,192.168.100.57,GET,/report.html,472
2024-09-17 04:54:30,500,user8,192.168.8.150,POST,/report.html,699
2024-09-17 09:03:30,302,user1,192.168.204.63,DELETE,/index.html,442
2024-09-17 09:28:30,404,user11,192.168.22.212,GET,/product.html,166
2024-09-17 02:31:30,404,user8,192.168.44.8,PUT,/product.html,272
2024-09-16 16:56:30,302,user8,192.168.247.70,PUT,/product.html,72
2024-09-16 20:44:30,200,user2,192.168.79.196,GET,/settings.html,330
2024-09-17 10:53:30,302,user12,192.168.75.227,DELETE,/product.html,871
2024-09-16 22:41:30,500,user4,192.168.57.181,PUT,/customer.html,77
2024-09-16 16:01:30,404,user11,192.168.212.7,PUT,/settings.html,969
2024-09-16 21:45:30,403,user12,192.168.129.233,GET,/settings.html,562
2024-09-16 16:52:30,404,user19,192.168.20.60,PUT,/settings.html,395
2024-09-16 21:45:30,403,user17,192.168.216.125,DELETE,/index.html,572
2024-09-16 22:48:30,404,user19,192.168.120.118,POST,/index.html,650
2024-09-17 02:40:30,302,user5,192.168.219.65,POST,/report.html,700
2024-09-17 03:56:30,404,user7,192.168.233.75,DELETE,/customer.html,55
2024-09-16 21:36:30,200,user14,192.168.34.239,POST,/product.html,769
2024-09-16 20:53:30,302,user14,192.168.160.106,PUT,/product.html,607
2024-09-16 22:21:30,200,user17,192.168.79.160,POST,/report.html,238
2024-09-17 08:17:30,404,user17,192.168.245.240,PUT,/index.html,159
2024-09-16 21:53:30,404,user1,192.168.158.209,PUT,/report.html,206
2024-09-17 09:12:30,302,user19,192.168.114.4,DELETE,/report.html,135
2024-09-16 21:00:30,302,user1,192.168.35.115,POST,/product.html,380
2024-09-16 21:14:30,200,user19,192.168.127.133,POST,/login.html,313
2024-09-17 13:53:30,200,user19,192.168.127.133,POST,/logout.html,73
2024-09-17 04:14:30,302,user10,192.168.88.148,DELETE,/customer.html,95
2024-09-17 10:34:30,403,user20,192.168.230.166,DELETE,/customer.html,663
2024-09-16 18:56:30,404,user9,192.168.155.97,PUT,/settings.html,243
2024-09-16 20:46:30,404,user12,192.168.219.254,DELETE,/index.html,942
2024-09-17 15:58:30,302,user8,192.168.170.46,PUT,/customer.html,988
2024-09-17 00:54:30,200,user9,192.168.166.124,POST,/login.html,274
2024-09-17 04:03:30,200,user9,192.168.166.124,POST,/logout.html,942
2024-09-16 23:27:30,404,user14,192.168.181.251,POST,/report.html,632
2024-09-16 22:22:30,403,user12,192.168.81.191,DELETE,/report.html,870
2024-09-17 03:58:30,404,user11,192.168.158.101,DELETE,/product.html,715
2024-09-17 07:25:30,403,user8,192.168.155.213,DELETE,/customer.html,164
2024-09-16 18:24:30,200,user13,192.168.240.229,POST,/report.html,960
2024-09-16 18:19:30,403,user3,192.168.199.201,DELETE,/report.html,474
2024-09-17 05:09:30,302,user13,192.168.171.25,POST,/index.html,965
2024-09-16 20:53:30,404,user18,192.168.43.47,GET,/report.html,308
2024-09-17 13:54:30,500,user9,192.168.189.249,GET,/product.html,519
2024-09-17 15:29:30,403,user12,192.168.156.231,DELETE,/index.html,53
2024-09-17 08:36:30,302,user8,192.168.81.64,GET,/report.html,318
2024-09-16 17:14:30,500,user18,192.168.145.163,GET,/report.html,716
2024-09-17 06:22:30,404,user15,192.168.145.157,GET,/settings.html,943
2024-09-16 22:20:30,302,user20,192.168.9.66,GET,/settings.html,826
2024-09-17 08:52:30,500,user4,192.168.182.81,GET,/customer.html,661
2024-09-16 22:26:30,200,user6,192.168.214.13,POST,/login.html,740
2024-09-17 04:27:30,200,user6,192.168.214.13,POST,/logout.html,932
2024-09-17 01:24:30,404,user9,192.168.233.233,POST,/index.html,161
2024-09-17 07:57:30,404,user7,192.168.38.224,GET,/settings.html,740
2024-09-17 13:20:30,200,user17,192.168.63.109,POST,/report.html,95
2024-09-17 08:01:30,500,user3,192.168.145.158,GET,/index.html,638
2024-09-17 04:03:30,200,user4,192.168.137.111,PUT,/customer.html,704
2024-09-16 22:12:30,302,user1,192.168.127.52,DELETE,/product.html,651
2024-09-17 15:21:30,403,user16,192.168.70.105,GET,/index.html,758
2024-09-16 17:32:30,200,user20,192.168.138.131,POST,/login.html,423
2024-09-17 09:51:30,200,user20,192.168.138.131,POST,/logout.html,915
2024-09-17 12:10:30,302,user20,192.168.234.15,GET,/product.html,756
2024-09-16 21:20:30,500,user16,192.168.150.91,POST,/index.html,892
2024-09-17 06:00:30,200,user2,192.168.26.158,PUT,/product.html,59
2024-09-17 14:23:30,200,user13,192.168.105.100,DELETE,/settings.html,142
2024-09-17 03:17:30,404,user1,192.168.170.79,POST,/report.html,975
2024-09-17 02:05:30,404,user12,192.168.180.195,PUT,/product.html,375
2024-09-16 19:45:30,500,user19,192.168.108.235,DELETE,/report.html,457
2024-09-17 07:44:30,404,user15,192.168.217.105,GET,/settings.html,413
2024-09-17 02:15:30,200,user13,192.168.105.123,POST,/report.html,740
2024-09-16 21:10:30,302,user2,192.168.120.47,GET,/product.html,68
2024-09-16 22:41:30,500,user15,192.168.169.22,POST,/settings.html,50
2024-09-17 03:48:30,302,user7,192.168.158.90,DELETE,/product.html,114
2024-09-17 09:40:30,200,user3,192.168.35.94,POST,/login.html,992
2024-09-16 18:37:30,200,user3,192.168.35.94,POST,/logout.html,252
2024-09-17 04:35:30,302,user15,192.168.58.176,DELETE,/settings.html,405
2024-09-17 10:56:30,404,user14,192.168.76.115,POST,/index.html,83
2024-09-16 22:52:30,500,user14,192.168.216.137,POST,/product.html,522
2024-09-16 19:52:30,403,user10,192.168.198.158,PUT,/settings.html,962
2024-09-16 19:40:30,403,user2,192.168.129.106,GET,/settings.html,169
2024-09-17 12:01:30,403,user4,192.168.51.120,POST,/index.html,453
2024-09-16 20:38:30,200,user11,192.168.117.111,POST,/login.html,339
2024-09-17 03:05:30,200,user11,192.168.117.111,POST,/logout.html,836
2024-09-16 22:06:30,500,user1,192.168.11.3,DELETE,/customer.html,791
2024-09-17 11:47:30,200,user20,192.168.229.7,POST,/login.html,897
2024-09-17 04:19:30,200,user20,192.168.229.7,POST,/logout.html,699
2024-09-16 21:09:30,302,user1,192.168.52.95,DELETE,/product.html,753
2024-09-16 16:15:30,302,user18,192.168.229.99,PUT,/customer.html,806
2024-09-16 22:14:30,302,user18,192.168.246.247,DELETE,/customer.html,59
2024-09-16 19:12:30,403,user7,192.168.88.198,GET,/report.html,268
2024-09-16 21:16:30,302,user7,192.168.208.214,POST,/settings.html,645
2024-09-17 01:16:30,302,user20,192.168.7.81,POST,/product.html,720
2024-09-17 08:47:30,200,user12,192.168.19.245,POST,/login.html,915
2024-09-17 00:48:30,200,user12,192.168.19.245,POST,/logout.html,100
2024-09-16 23:46:30,302,user13,192.168.171.212,DELETE,/product.html,357
2024-09-17 04:30:30,302,user10,192.168.58.192,POST,/product.html,950
2024-09-16 17:35:30,500,user15,192.168.214.53,DELETE,/settings.html,306
2024-09-17 13:05:30,200,user20,192.168.139.239,GET,/settings.html,563
2024-09-17 12:11:30,500,user8,192.168.53.163,POST,/report.html,151
2024-09-17 03:30:30,200,user19,192.168.18.143,POST,/login.html,460
2024-09-17 06:41:30,200,user19,192.168.18.143,POST,/logout.html,481
2024-09-17 09:15:30,500,user1,192.168.105.74,GET,/index.html,369
2024-09-17 03:16:30,500,user17,192.168.171.93,DELETE,/customer.html,244
2024-09-17 03:02:30,403,user14,192.168.173.184,PUT,/settings.html,758
2024-09-17 12:57:30,200,user9,192.168.57.127,GET,/index.html,665
2024-09-16 16:33:30,302,user19,192.168.81.82,GET,/customer.html,957
2024-09-16 21:38:30,500,user13,192.168.105.147,DELETE,/settings.html,546
2024-09-17 05:35:30,200,user9,192.168.148.36,POST,/login.html,361
2024-09-17 01:07:30,200,user9,192.168.148.36,POST,/logout.html,531
2024-09-17 08:32:30,404,user20,192.168.29.20,PUT,/product.html,386
2024-09-17 04:40:30,403,user8,192.168.130.205,PUT,/index.html,856
2024-09-16 19:59:30,200,user13,192.168.6.27,POST,/login.html,323
2024-09-17 11:42:30,200,user13,192.168.6.27,POST,/logout.html,207
2024-09-17 02:08:30,200,user5,192.168.194.165,GET,/customer.html,656
2024-09-16 17:39:30,200,user16,192.168.70.74,GET,/settings.html,975
2024-09-16 16:09:30,200,user5,192.168.121.247,POST,/login.html,223
2024-09-16 23:58:30,200,user5,192.168.121.247,POST,/logout.html,299
2024-09-17 04:45:30,404,user6,192.168.119.222,GET,/product.html,113
2024-09-16 19:36:30,404,user11,192.168.221.172,DELETE,/settings.html,264
2024-09-17 15:03:30,500,user14,192.168.156.185,POST,/customer.html,712
2024-09-16 16:17:30,302,user20,192.168.78.142,DELETE,/report.html,446
2024-09-16 22:29:30,200,user14,192.168.204.218,POST,/settings.html,90
2024-09-17 06:37:30,404,user15,192.168.179.38,GET,/report.html,486
2024-09-17 03:14:30,200,user15,192.168.35.232,PUT,/index.html,866
2024-09-16 22:37:30,403,user5,192.168.246.179,POST,/product.html,811
2024-09-17 07:01:30,200,user11,192.168.244.182,POST,/login.html,617
2024-09-16 16:30:30,200,user11,192.168.244.182,POST,/logout.html,503
2024-09-17 04:16:30,404,user8,192.168.83.106,GET,/settings.html,160
2024-09-17 05:05:30,500,user13,192.168.165.193,GET,/product.html,748
2024-09-17 02:42:30,500,user19,192.168.45.168,PUT,/customer.html,514
2024-09-16 17:02:30,404,user3,192.168.159.179,POST,/report.html,815
2024-09-17 10:13:30,403,user5,192.168.146.201,DELETE,/report.html,81
2024-09-16 23:52:30,200,user7,192.168.203.250,POST,/report.html,861
2024-09-17 04:13:30,200,user17,192.168.128.166,POST,/customer.html,670
2024-09-16 19:44:30,302,user20,192.168.201.237,GET,/product.html,925
2024-09-17 13:46:30,200,user11,192.168.97.11,POST,/login.html,233
2024-09-16 20:31:30,200,user11,192.168.97.11,POST,/logout.html,356
2024-09-16 21:50:30,500,user20,192.168.8.177,PUT,/report.html,953
2024-09-17 10:37:30,404,user12,192.168.123.157,GET,/customer.html,635
2024-09-16 17:28:30,500,user7,192.168.97.2,POST,/index.html,889
2024-09-17 08:44:30,500,user13,192.168.73.65,DELETE,/settings.html,182
2024-09-17 11:44:30,403,user20,192.168.151.36,DELETE,/report.html,568
2024-09-17 15:32:30,500,user7,192.168.108.198,POST,/index.html,353
2024-09-17 09:48:30,500,user5,192.168.66.76,POST,/report.html,294
2024-09-17 00:06:30,200,user20,192.168.254.220,POST,/index.html,454
2024-09-17 13:52:30,404,user1,192.168.15.152,POST,/customer.html,87
2024-09-16 18:17:30,200,user5,192.168.228.235,DELETE,/settings.html,682
2024-09-17 03:08:30,200,user19,192.168.234.39,POST,/index.html,148
2024-09-17 13:47:30,302,user20,192.168.145.252,POST,/report.html,770
2024-09-17 01:10:30,403,user7,192.168.141.55,POST,/report.html,934
2024-09-16 17:22:30,403,user11,192.168.3.154,PUT,/customer.html,243
2024-09-16 20:19:30,302,user5,192.168.175.94,GET,/settings.html,252
2024-09-17 13:28:30,200,user20,192.168.218.22,PUT,/settings.html,462
2024-09-16 16:50:30,200,user6,192.168.190.221,POST,/login.html,148
2024-09-17 10:56:30,200,user6,192.168.190.221,POST,/logout.html,676
2024-09-17 05:29:30,404,user9,192.168.16.6,GET,/report.html,260
2024-09-17 15:21:30,200,user18,192.168.251.3,DELETE,/index.html,148
2024-09-16 18:55:30,302,user14,192.168.3.80,POST,/report.html,110
2024-09-16 19:11:30,302,user14,192.168.58.65,GET,/settings.html,559
2024-09-17 02:51:30,500,user9,192.168.146.90,GET,/settings.html,461
2024-09-17 15:02:30,302,user20,192.168.133.244,GET,/index.html,989
2024-09-16 23:35:30,500,user1,192.168.20.205,GET,/index.html,762
2024-09-17 09:32:30,302,user19,192.168.235.39,GET,/product.html,996
2024-09-17 00:59:30,302,user10,192.168.82.186,GET,/index.html,920
2024-09-16 23:03:30,404,user4,192.168.0.60,DELETE,/customer.html,820
2024-09-17 04:59:30,302,user7,192.168.91.193,GET,/settings.html,991
2024-09-16 23:11:30,500,user10,192.168.194.34,DELETE,/index.html,654
2024-09-16 21:22:30,200,user18,192.168.73.250,GET,/index.html,756
2024-09-16 23:38:30,200,user11,192.168.248.128,POST,/login.html,963
2024-09-17 13:26:30,200,user11,192.168.248.128,POST,/logout.html,393
2024-09-16 22:34:30,500,user19,192.168.81.17,DELETE,/index.html,813
2024-09-17 12:39:30,500,user4,192.168.207.234,GET,/report.html,788
2024-09-17 02:24:30,200,user3,192.168.32.71,POST,/product.html,881
2024-09-17 15:38:30,403,user2,192.168.29.255,DELETE,/index.html,405
2024-09-16 23:01:30,302,user18,192.168.13.162,PUT,/customer.html,169
2024-09-17 13:33:30,200,user16,192.168.61.62,POST,/login.html,494
2024-09-17 00:49:30,200,user16,192.168.61.62,POST,/logout.html,838
2024-09-17 07:03:30,200,user19,192.168.196.13,DELETE,/settings.html,843
2024-09-17 02:21:30,404,user16,192.168.228.192,PUT,/customer.html,970
2024-09-16 18:57:30,302,user5,192.168.111.63,GET,/index.html,52
2024-09-17 06:09:30,404,user15,192.168.223.214,PUT,/report.html,675
2024-09-17 11:41:30,302,user10,192.168.194.205,DELETE,/customer.html,859
2024-09-16 20:06:30,200,user5,192.168.120.89,PUT,/report.html,704
2024-09-17 15:12:30,500,user12,192.168.76.67,DELETE,/index.html,213
2024-09-17 13:28:30,200,user8,192.168.157.125,POST,/product.html,878
2024-09-17 09:29:30,200,user19,192.168.39.149,POST,/login.html,726
2024-09-17 14:50:30,200,user19,192.168.39.149,POST,/logout.html,57
2024-09-16 22:11:30,302,user9,192.168.60.136,DELETE,/product.html,89
2024-09-17 00:12:30,403,user13,192.168.209.35,PUT,/product.html,992
2024-09-17 01:24:30,404,user11,192.168.195.23,DELETE,/report.html,655
2024-09-16 19:46:30,500,user13,192.168.51.207,POST,/settings.html,196
2024-09-17 07:18:30,403,user14,192.168.231.42,PUT,/index.html,621
2024-09-17 05:18:30,302,user18,192.168.180.112,PUT,/product.html,451
2024-09-17 14:30:30,403,user18,192.168.162.164,DELETE,/index.html,767
2024-09-17 04:25:30,302,user5,192.168.139.45,POST,/report.html,997
2024-09-17 12:38:30,200,user19,192.168.214.213,GET,/index.html,477
2024-09-16 21:52:30,403,user3,192.168.177.215,POST,/product.html,905
2024-09-17 11:24:30,404,user9,192.168.95.118,DELETE,/product.html,668
2024-09-17 15:28:30,200,user20,192.168.198.140,DELETE,/index.html,210
2024-09-16 22:31:30,403,user11,192.168.200.90,DELETE,/settings.html,893
2024-09-16 19:07:30,500,user14,192.168.100.50,GET,/settings.html,578
2024-09-17 01:53:30,500,user7,192.168.93.169,POST,/product.html,377
2024-09-17 00:15:30,403,user14,192.168.54.176,DELETE,/product.html,92
2024-09-17 10:21:30,200,user5,192.168.40.168,POST,/product.html,986
2024-09-17 06:10:30,403,user7,192.168.236.223,POST,/customer.html,607
2024-09-16 22:59:30,404,user2,192.168.223.169,POST,/report.html,646
2024-09-16 21:40:30,500,user13,192.168.202.140,GET,/product.html,510
2024-09-16 19:49:30,500,user7,192.168.217.140,PUT,/product.html,435
2024-09-17 04:04:30,404,user7,192.168.74.212,POST,/report.html,872
2024-09-17 03:44:30,404,user2,192.168.158.125,GET,/settings.html,363
2024-09-17 08:11:30,404,user14,192.168.172.68,POST,/customer.html,513
2024-09-16 21:54:30,200,user12,192.168.251.142,DELETE,/customer.html,851
2024-09-16 21:52:30,403,user5,192.168.161.16,POST,/settings.html,445
2024-09-16 23:11:30,403,user15,192.168.225.170,DELETE,/product.html,678
2024-09-16 19:53:30,200,user15,192.168.225.107,POST,/login.html,208
2024-09-16 23:05:30,200,user15,192.168.225.107,POST,/logout.html,265
2024-09-17 15:34:30,200,user13,192.168.218.202,POST,/customer.html,284
2024-09-17 14:11:30,302,user12,192.168.205.84,GET,/settings.html,524
2024-09-17 10:06:30,200,user2,192.168.151.166,GET,/customer.html,874
2024-09-17 06:51:30,403,user8,192.168.128.61,POST,/report.html,339
2024-09-17 03:56:30,403,user3,192.168.23.171,POST,/index.html,66
2024-09-17 00:28:30,404,user16,192.168.237.52,PUT,/report.html,894
2024-09-17 07:57:30,404,user11,192.168.108.4,GET,/product.html,211
2024-09-16 21:31:30,200,user2,192.168.130.225,DELETE,/index.html,429
2024-09-16 16:07:30,200,user9,192.168.204.104,GET,/product.html,459
2024-09-16 23:31:30,200,user2,192.168.73.105,POST,/login.html,376
2024-09-17 14:22:30,200,user2,192.168.73.105,POST,/logout.html,746
2024-09-16 23:08:30,200,user15,192.168.113.231,POST,/login.html,735
2024-09-16 21:11:30,200,user15,192.168.113.231,POST,/logout.html,545
2024-09-17 04:04:30,200,user5,192.168.108.65,POST,/login.html,956
2024-09-17 06:17:30,200,user5,192.168.108.65,POST,/logout.html,491
2024-09-16 16:27:30,302,user7,192.168.108.2,POST,/report.html,70
2024-09-17 11:17:30,302,user7,192.168.160.183,PUT,/index.html,665
2024-09-17 03:02:30,200,user6,192.168.174.156,DELETE,/index.html,973
2024-09-17 08:24:30,500,user13,192.168.178.95,GET,/settings.html,140
2024-09-16 20:31:30,500,user19,192.168.56.171,DELETE,/settings.html,187
2024-09-16 20:18:30,200,user17,192.168.129.249,PUT,/report.html,202
2024-09-17 12:46:30,200,user2,192.168.77.169,POST,/login.html,934
2024-09-16 23:03:30,200,user2,192.168.77.169,POST,/logout.html,196
2024-09-17 15:24:30,302,user18,192.168.200.228,POST,/report.html,727
2024-09-17 14:05:30,403,user16,192.168.205.208,DELETE,/index.html,330
2024-09-17 11:48:30,500,user2,192.168.96.164,PUT,/settings.html,849
2024-09-17 05:29:30,404,user19,192.168.175.148,POST,/settings.html,484
2024-09-17 13:54:30,200,user16,192.168.208.111,POST,/login.html,137
2024-09-16 18:19:30,200,user16,192.168.208.111,POST,/logout.html,709
2024-09-16 20:30:30,404,user4,192.168.191.142,PUT,/product.html,978
2024-09-17 14:36:30,500,user12,192.168.160.56,PUT,/product.html,857
2024-09-17 08:02:30,200,user14,192.168.112.133,POST,/report.html,296
2024-09-17 04:48:30,302,user19,192.168.207.149,PUT,/customer.html,589
2024-09-17 02:47:30,302,user16,192.168.156.8,DELETE,/customer.html,666
2024-09-16 21:48:30,302,user7,192.168.160.111,PUT,/customer.html,501
2024-09-17 04:04:30,403,user14,192.168.54.84,PUT,/product.html,944
2024-09-17 03:28:30,200,user8,192.168.147.165,GET,/product.html,676
2024-09-17 12:43:30,200,user2,192.168.167.96,GET,/settings.html,710
2024-09-16 19:11:30,302,user19,192.168.160.158,PUT,/index.html,888
2024-09-17 03:41:30,302,user9,192.168.174.82,PUT,/customer.html,662
2024-09-17 13:46:30,500,user15,192.168.99.37,DELETE,/settings.html,390
2024-09-17 04:18:30,403,user13,192.168.174.183,GET,/product.html,961
2024-09-17 04:03:30,200,user8,192.168.85.115,DELETE,/customer.html,672
2024-09-17 00:15:30,404,user5,192.168.180.179,DELETE,/settings.html,191
2024-09-16 19:12:30,500,user3,192.168.241.15,PUT,/customer.html,284
2024-09-17 07:11:30,404,user6,192.168.230.91,DELETE,/customer.html,203
2024-09-16 19:03:30,200,user19,192.168.155.234,POST,/login.html,322
2024-09-17 05:52:30,200,user19,192.168.155.234,POST,/logout.html,269
2024-09-16 22:20:30,200,user11,192.168.233.231,DELETE,/product.html,917
2024-09-17 02:28:30,500,user15,192.168.104.123,POST,/product.html,339
2024-09-16 21:02:30,404,user20,192.168.38.244,POST,/report.html,140
2024-09-17 08:32:30,200,user16,192.168.91.107,DELETE,/customer.html,69
2024-09-16 16:39:30,302,user5,192.168.38.49,GET,/settings.html,266
2024-09-17 11:02:30,403,user11,192.168.151.69,POST,/index.html,139
2024-09-16 21:36:30,500,user11,192.168.209.4,POST,/settings.html,843
2024-09-16 16:18:30,500,user3,192.168.232.31,PUT,/customer.html,854
2024-09-17 00:35:30,404,user8,192.168.204.69,POST,/product.html,351
2024-09-16 18:18:30,302,user16,192.168.162.111,PUT,/index.html,864
2024-09-17 12:46:30,500,user12,192.168.45.142,DELETE,/report.html,628
2024-09-16 22:58:30,403,user9,192.168.165.177,GET,/product.html,544
2024-09-16 17:02:30,403,user8,192.168.152.60,DELETE,/product.html,180
2024-09-17 05:50:30,200,user1,192.168.10.169,PUT,/report.html,284
2024-09-17 04:34:30,200,user13,192.168.203.71,GET,/customer.html,364
2024-09-16 23:37:30,403,user20,192.168.204.205,GET,/index.html,73
2024-09-17 13:41:30,200,user2,192.168.8.58,PUT,/settings.html,975
2024-09-17 03:51:30,302,user18,192.168.100.103,PUT,/report.html,333
2024-09-16 19:14:30,500,user19,192.168.66.88,GET,/index.html,934
2024-09-16 21:15:30,404,user8,192.168.237.59,PUT,/settings.html,208
2024-09-17 05:28:30,500,user8,192.168.101.191,DELETE,/index.html,786
2024-09-17 00:46:30,404,user18,192.168.211.194,GET,/index.html,175
2024-09-17 00:51:30,404,user8,192.168.215.215,POST,/index.html,409
2024-09-17 15:04:30,302,user19,192.168.201.187,POST,/customer.html,798
2024-09-17 04:22:30,200,user13,192.168.190.136,POST,/login.html,299
2024-09-16 20:23:30,200,user13,192.168.190.136,POST,/logout.html,770
2024-09-17 00:56:30,404,user6,192.168.55.203,PUT,/settings.html,686
2024-09-17 04:45:30,200,user3,192.168.96.198,PUT,/customer.html,272
2024-09-17 03:37:30,403,user7,192.168.230.247,DELETE,/report.html,749
2024-09-16 23:58:30,200,user14,192.168.140.198,DELETE,/index.html,620
2024-09-17 12:52:30,302,user17,192.168.15.165,GET,/index.html,82
2024-09-17 09:54:30,500,user8,192.168.37.166,DELETE,/index.html,347
2024-09-17 13:16:30,200,user10,192.168.44.175,GET,/settings.html,188
2024-09-17 02:37:30,403,user13,192.168.135.66,PUT,/product.html,497
2024-09-17 10:56:30,403,user8,192.168.198.27,GET,/settings.html,953
2024-09-17 11:17:30,403,user16,192.168.29.65,DELETE,/customer.html,948
2024-09-16 23:11:30,200,user10,192.168.132.250,PUT,/index.html,945
2024-09-16 20:31:30,404,user11,192.168.156.188,DELETE,/product.html,984
2024-09-17 11:22:30,404,user8,192.168.182.114,GET,/index.html,674
2024-09-16 16:00:30,404,user4,192.168.215.34,POST,/index.html,634
2024-09-17 12:34:30,500,user16,192.168.110.29,DELETE,/customer.html,792
2024-09-17 08:24:30,200,user6,192.168.249.107,DELETE,/settings.html,253
2024-09-17 10:31:30,404,user5,192.168.8.71,PUT,/product.html,541
2024-09-17 03:34:30,500,user12,192.168.3.247,PUT,/settings.html,904
2024-09-17 14:47:30,302,user2,192.168.151.102,DELETE,/settings.html,832
2024-09-17 14:06:30,403,user17,192.168.103.107,PUT,/report.html,459
2024-09-16 22:23:30,500,user10,192.168.146.253,GET,/customer.html,585
2024-09-16 17:30:30,404,user2,192.168.119.112,GET,/report.html,57
2024-09-17 11:34:30,200,user18,192.168.51.222,POST,/login.html,497
2024-09-17 03:01:30,200,user18,192.168.51.222,POST,/logout.html,976
2024-09-16 23:58:30,403,user10,192.168.199.134,DELETE,/settings.html,605
2024-09-17 05:42:30,200,user9,192.168.41.223,DELETE,/product.html,806
2024-09-17 08:53:30,200,user12,192.168.137.224,POST,/login.html,761
2024-09-17 01:05:30,200,user12,192.168.137.224,POST,/logout.html,501
2024-09-17 14:53:30,200,user12,192.168.96.67,DELETE,/customer.html,62
2024-09-17 00:05:30,500,user16,192.168.141.134,DELETE,/product.html,637
2024-09-17 06:33:30,500,user18,192.168.190.188,PUT,/index.html,993
2024-09-16 20:24:30,403,user6,192.168.242.30,POST,/product.html,249
2024-09-16 22:35:30,403,user3,192.168.117.234,PUT,/product.html,572
2024-09-17 02:41:30,200,user14,192.168.201.115,DELETE,/report.html,986
2024-09-17 13:35:30,403,user7,192.168.147.41,GET,/index.html,535
2024-09-16 23:25:30,200,user19,192.168.126.211,POST,/login.html,315
2024-09-17 12:25:30,200,user19,192.168.126.211,POST,/logout.html,566
2024-09-17 12:36:30,200,user14,192.168.6.49,DELETE,/index.html,903
2024-09-17 02:01:30,403,user16,192.168.102.254,POST,/index.html,897
2024-09-17 00:32:30,404,user20,192.168.133.158,GET,/report.html,351
2024-09-17 13:47:30,302,user19,192.168.163.132,POST,/settings.html,107
2024-09-17 10:12:30,500,user17,192.168.93.207,POST,/index.html,906
2024-09-17 04:07:30,200,user15,192.168.88.108,PUT,/settings.html,859
2024-09-17 01:08:30,404,user7,192.168.141.184,POST,/customer.html,100
2024-09-16 23:05:30,200,user10,192.168.44.91,DELETE,/settings.html,64
2024-09-17 13:46:30,403,user9,192.168.33.214,GET,/product.html,270
2024-09-17 11:14:30,403,user11,192.168.122.87,PUT,/settings.html,256
2024-09-17 09:31:30,404,user7,192.168.141.74,DELETE,/product.html,262
2024-09-16 18:37:30,403,user19,192.168.38.55,PUT,/settings.html,708
2024-09-16 22:16:30,403,user8,192.168.104.85,GET,/product.html,532
2024-09-17 09:51:30,500,user6,192.168.87.231,DELETE,/customer.html,638
2024-09-17 10:38:30,500,user15,192.168.230.202,DELETE,/product.html,68
2024-09-17 14:50:30,200,user5,192.168.155.5,POST,/login.html,873
2024-09-16 21:16:30,200,user5,192.168.155.5,POST,/logout.html,142
2024-09-16 16:07:30,200,user16,192.168.120.116,PUT,/product.html,779
2024-09-17 06:51:30,200,user13,192.168.223.34,POST,/login.html,907
2024-09-17 06:34:30,200,user13,192.168.223.34,POST,/logout.html,549
2024-09-17 08:25:30,200,user9,192.168.188.114,GET,/report.html,314
2024-09-17 10:37:30,200,user16,192.168.154.210,POST,/login.html,920
2024-09-17 10:54:30,200,user16,192.168.154.210,POST,/logout.html,911
2024-09-16 22:02:30,500,user10,192.168.133.69,PUT,/index.html,74
2024-09-17 08:03:30,302,user13,192.168.237.67,DELETE,/settings.html,547
2024-09-16 21:45:30,302,user13,192.168.179.10,PUT,/index.html,771
2024-09-17 04:45:30,200,user2,192.168.120.172,POST,/login.html,377
2024-09-16 22:33:30,200,user2,192.168.120.172,POST,/logout.html,250
2024-09-17 01:20:30,500,user11,192.168.133.125,DELETE,/index.html,387
2024-09-16 17:10:30,200,user14,192.168.47.253,DELETE,/settings.html,190
2024-09-16 17:24:30,302,user6,192.168.47.16,PUT,/report.html,462
2024-09-17 04:32:30,404,user2,192.168.239.29,POST,/product.html,246
2024-09-17 06:55:30,200,user4,192.168.168.31,POST,/login.html,772
2024-09-17 08:02:30,200,user4,192.168.168.31,POST,/logout.html,686
2024-09-17 11:28:30,500,user6,192.168.209.75,PUT,/index.html,819
2024-09-17 12:21:30,404,user19,192.168.210.128,DELETE,/settings.html,96
2024-09-17 02:52:30,500,user14,192.168.188.239,DELETE,/index.html,348
2024-09-17 08:53:30,404,user11,192.168.60.34,PUT,/index.html,268
2024-09-17 12:48:30,500,user16,192.168.154.196,POST,/customer.html,278
2024-09-17 03:52:30,200,user8,192.168.39.3,PUT,/index.html,707
2024-09-17 00:06:30,302,user4,192.168.96.18,PUT,/product.html,208
2024-09-17 06:27:30,302,user19,192.168.255.199,PUT,/product.html,225
2024-09-17 13:04:30,500,user5,192.168.74.142,GET,/index.html,914
2024-09-17 05:48:30,200,user18,192.168.113.157,DELETE,/index.html,425
2024-09-17 00:15:30,200,user11,192.168.87.111,POST,/login.html,521
2024-09-17 06:14:30,200,user11,192.168.87.111,POST,/logout.html,950
2024-09-17 15:16:30,500,user8,192.168.37.58,GET,/report.html,456
2024-09-16 23:27:30,302,user14,192.168.200.165,POST,/index.html,976
2024-09-17 12:34:30,403,user10,192.168.240.198,DELETE,/settings.html,355
2024-09-16 19:28:30,500,user19,192.168.105.63,POST,/report.html,141
2024-09-17 09:12:30,302,user18,192.168.5.83,POST,/settings.html,518
2024-09-16 22:10:30,404,user9,192.168.196.119,PUT,/settings.html,412
2024-09-17 14:36:30,404,user20,192.168.231.119,PUT,/settings.html,894
2024-09-16 18:29:30,200,user8,192.168.199.128,DELETE,/product.html,506
2024-09-17 01:45:30,302,user4,192.168.61.167,POST,/report.html,849
2024-09-17 08:21:30,200,user3,192.168.66.79,POST,/login.html,905
2024-09-17 02:21:30,200,user3,192.168.66.79,POST,/logout.html,812
2024-09-17 15:40:30,302,user2,192.168.148.158,GET,/customer.html,938
2024-09-17 02:27:30,200,user13,192.168.196.215,GET,/report.html,569
2024-09-17 14:32:30,403,user15,192.168.60.112,POST,/index.html,848
2024-09-16 20:36:30,302,user8,192.168.18.120,DELETE,/index.html,755
2024-09-17 14:05:30,200,user4,192.168.18.32,DELETE,/customer.html,387
2024-09-17 15:45:30,500,user1,192.168.172.204,DELETE,/settings.html,646
2024-09-17 06:40:30,200,user17,192.168.111.75,DELETE,/index.html,315
2024-09-17 08:12:30,500,user2,192.168.253.229,PUT,/customer.html,242
2024-09-16 19:10:30,403,user2,192.168.181.135,POST,/settings.html,548
2024-09-16 21:49:30,200,user13,192.168.66.86,PUT,/product.html,133
2024-09-17 08:58:30,302,user20,192.168.154.123,POST,/settings.html,634
2024-09-17 00:33:30,403,user17,192.168.182.181,PUT,/report.html,429
2024-09-17 11:49:30,200,user12,192.168.201.29,POST,/login.html,612
2024-09-17 12:36:30,200,user12,192.168.201.29,POST,/logout.html,208
2024-09-16 16:02:30,404,user9,192.168.120.7,PUT,/product.html,238
2024-09-17 09:41:30,200,user5,192.168.51.216,PUT,/product.html,948
2024-09-17 13:18:30,500,user16,192.168.24.178,PUT,/report.html,121
2024-09-17 02:45:30,302,user5,192.168.51.131,PUT,/customer.html,525
2024-09-17 06:53:30,200,user8,192.168.242.37,GET,/settings.html,499
2024-09-16 19:15:30,200,user4,192.168.118.199,GET,/customer.html,127
2024-09-17 15:35:30,200,user14,192.168.163.103,GET,/settings.html,905
2024-09-17 04:00:30,404,user12,192.168.135.218,DELETE,/customer.html,747
2024-09-16 23:54:30,404,user3,192.168.155.81,POST,/settings.html,515
2024-09-17 14:56:30,404,user3,192.168.92.194,DELETE,/report.html,659
2024-09-17 09:57:30,302,user14,192.168.10.223,POST,/report.html,503
2024-09-17 04:45:30,302,user17,192.168.94.103,GET,/report.html,117
2024-09-16 22:38:30,404,user20,192.168.31.94,DELETE,/report.html,866
2024-09-17 07:30:30,302,user14,192.168.77.177,PUT,/settings.html,762
2024-09-17 09:55:30,200,user5,192.168.66.23,POST,/login.html,470
2024-09-17 03:07:30,200,user5,192.168.66.23,POST,/logout.html,804
2024-09-17 14:20:30,404,user5,192.168.18.102,DELETE,/index.html,736
2024-09-17 06:11:30,200,user10,192.168.106.247,GET,/index.html,66
2024-09-17 10:26:30,404,user10,192.168.161.181,PUT,/index.html,959
2024-09-17 00:56:30,200,user15,192.168.30.8,POST,/login.html,684
2024-09-16 17:20:30,200,user15,192.168.30.8,POST,/logout.html,140
2024-09-17 01:35:30,404,user13,192.168.243.98,DELETE,/report.html,631
2024-09-16 20:47:30,404,user9,192.168.38.81,PUT,/product.html,808
2024-09-16 20:21:30,403,user20,192.168.120.171,DELETE,/customer.html,977
2024-09-16 17:04:30,200,user16,192.168.242.145,POST,/login.html,808
2024-09-17 02:08:30,200,user16,192.168.242.145,POST,/logout.html,108
2024-09-16 23:27:30,500,user4,192.168.83.203,POST,/index.html,987
2024-09-17 06:54:30,200,user9,192.168.16.32,PUT,/product.html,716
2024-09-17 03:30:30,403,user12,192.168.216.83,DELETE,/settings.html,855
2024-09-16 21:07:30,403,user10,192.168.104.61,POST,/settings.html,58
2024-09-17 14:40:30,302,user18,192.168.46.113,PUT,/report.html,967
2024-09-17 05:08:30,500,user14,192.168.250.158,PUT,/settings.html,597
2024-09-17 09:28:30,200,user9,192.168.209.80,POST,/report.html,991
2024-09-16 23:47:30,200,user3,192.168.12.245,GET,/product.html,387
2024-09-17 06:25:30,500,user15,192.168.11.15,POST,/report.html,955
2024-09-16 22:37:30,200,user9,192.168.85.107,POST,/login.html,873
2024-09-16 20:53:30,200,user9,192.168.85.107,POST,/logout.html,977
2024-09-16 16:00:30,302,user9,192.168.29.228,POST,/settings.html,707
2024-09-16 16:12:30,200,user17,192.168.146.232,PUT,/customer.html,256
2024-09-16 18:09:30,200,user11,192.168.46.60,POST,/login.html,706
2024-09-16 23:07:30,200,user11,192.168.46.60,POST,/logout.html,399
2024-09-16 19:33:30,302,user12,192.168.232.177,GET,/product.html,804
2024-09-16 16:54:30,403,user14,192.168.23.21,DELETE,/settings.html,797
2024-09-17 09:25:30,403,user5,192.168.91.221,GET,/product.html,180
2024-09-16 16:26:30,404,user13,192.168.168.113,GET,/settings.html,739
2024-09-16 18:22:30,302,user6,192.168.194.111,GET,/report.html,438
2024-09-16 20:21:30,403,user2,192.168.156.19,GET,/customer.html,403
2024-09-16 20:24:30,404,user16,192.168.129.159,DELETE,/report.html,900
2024-09-17 08:47:30,404,user15,192.168.253.79,POST,/product.html,171
2024-09-17 02:49:30,500,user18,192.168.6.89,POST,/index.html,808
2024-09-17 00:57:30,404,user18,192.168.114.13,PUT,/product.html,77
2024-09-17 06:31:30,500,user14,192.168.14.36,PUT,/report.html,539
2024-09-17 03:01:30,404,user6,192.168.135.52,DELETE,/settings.html,921
2024-09-17 10:38:30,403,user15,192.168.237.66,POST,/index.html,53
2024-09-17 10:48:30,500,user19,192.168.179.159,DELETE,/report.html,482
2024-09-17 07:15:30,500,user17,192.168.137.10,DELETE,/report.html,114
2024-09-17 15:02:30,404,user18,192.168.225.216,GET,/report.html,933
2024-09-16 20:10:30,404,user11,192.168.22.34,DELETE,/report.html,832
2024-09-16 21:04:30,200,user10,192.168.231.63,POST,/login.html,706
2024-09-17 01:22:30,200,user10,192.168.231.63,POST,/logout.html,653
2024-09-17 05:36:30,404,user7,192.168.66.34,PUT,/index.html,187
2024-09-17 10:42:30,403,user15,192.168.210.158,GET,/report.html,249
2024-09-17 02:45:30,403,user5,192.168.64.141,POST,/product.html,833
2024-09-17 04:50:30,403,user20,192.168.38.35,POST,/report.html,239
2024-09-17 06:48:30,200,user14,192.168.70.132,POST,/login.html,558
2024-09-16 22:33:30,200,user14,192.168.70.132,POST,/logout.html,67
2024-09-17 07:35:30,500,user20,192.168.7.160,DELETE,/product.html,944
2024-09-17 15:01:30,403,user18,192.168.179.236,PUT,/index.html,216
2024-09-16 20:45:30,200,user5,192.168.188.199,PUT,/index.html,640
2024-09-17 00:32:30,500,user2,192.168.170.177,GET,/index.html,515
2024-09-17 02:04:30,404,user20,192.168.224.76,DELETE,/customer.html,786
2024-09-16 18:04:30,403,user5,192.168.15.39,PUT,/index.html,421
2024-09-17 15:22:30,500,user7,192.168.183.9,DELETE,/report.html,234
2024-09-17 04:17:30,200,user15,192.168.153.120,PUT,/report.html,308
2024-09-17 00:52:30,404,user16,192.168.195.22,GET,/report.html,328
2024-09-17 09:42:30,200,user9,192.168.108.243,POST,/login.html,598
2024-09-17 11:48:30,200,user9,192.168.108.243,POST,/logout.html,519
2024-09-17 09:20:30,404,user2,192.168.5.134,DELETE,/report.html,381
2024-09-17 03:45:30,302,user4,192.168.36.237,PUT,/report.html,90
2024-09-17 13:44:30,200,user6,192.168.102.4,PUT,/report.html,561
2024-09-17 11:04:30,302,user15,192.168.248.124,PUT,/customer.html,748
2024-09-17 14:49:30,404,user15,192.168.112.53,GET,/index.html,373
2024-09-17 01:26:30,302,user11,192.168.154.104,POST,/product.html,261
2024-09-17 13:28:30,200,user17,192.168.179.110,GET,/settings.html,886
2024-09-17 04:58:30,500,user4,192.168.37.222,GET,/product.html,62
2024-09-17 03:49:30,302,user1,192.168.202.208,GET,/index.html,930
2024-09-17 01:46:30,404,user11,192.168.123.151,POST,/index.html,230
2024-09-17 03:04:30,500,user3,192.168.105.167,POST,/index.html,226
2024-09-16 18:14:30,404,user5,192.168.196.80,PUT,/customer.html,603
2024-09-16 16:01:30,200,user8,192.168.176.160,GET,/customer.html,487
2024-09-17 02:50:30,403,user9,192.168.182.29,GET,/settings.html,78
2024-09-16 19:31:30,404,user3,192.168.168.201,PUT,/product.html,190
2024-09-17 01:33:30,404,user3,192.168.72.101,GET,/customer.html,119
2024-09-16 16:53:30,404,user8,192.168.37.60,GET,/customer.html,565
2024-09-17 06:10:30,403,user9,192.168.85.111,POST,/customer.html,52
2024-09-17 05:16:30,200,user9,192.168.56.180,GET,/settings.html,235
2024-09-17 10:24:30,200,user9,192.168.36.186,DELETE,/settings.html,760
2024-09-17 15:51:30,500,user2,192.168.83.34,PUT,/customer.html,446
2024-09-17 08:22:30,302,user5,192.168.63.94,DELETE,/settings.html,577
2024-09-16 16:57:30,500,user9,192.168.103.90,POST,/report.html,82
2024-09-16 20:11:30,200,user18,192.168.214.139,POST,/login.html,372
2024-09-17 01:34:30,200,user18,192.168.214.139,POST,/logout.html,806
2024-09-17 12:58:30,404,user11,192.168.70.51,PUT,/product.html,115
2024-09-16 21:04:30,200,user2,192.168.90.210,DELETE,/index.html,327
2024-09-16 16:26:30,200,user5,192.168.137.124,POST,/report.html,93
2024-09-17 08:01:30,404,user20,192.168.111.66,GET,/report.html,761
2024-09-17 00:36:30,302,user12,192.168.185.236,DELETE,/product.html,547
2024-09-16 16:42:30,200,user7,192.168.22.130,POST,/login.html,553
2024-09-17 04:59:30,200,user7,192.168.22.130,POST,/logout.html,510
2024-09-17 13:34:30,500,user16,192.168.143.72,PUT,/report.html,332
2024-09-16 18:37:30,200,user9,192.168.113.132,POST,/login.html,449
2024-09-17 15:05:30,200,user9,192.168.113.132,POST,/logout.html,751
2024-09-16 19:46:30,403,user1,192.168.198.210,POST,/customer.html,516
2024-09-16 19:41:30,500,user16,192.168.11.125,PUT,/index.html,899
2024-09-16 19:05:30,500,user14,192.168.70.129,POST,/product.html,855
2024-09-17 12:15:30,500,user2,192.168.5.191,GET,/report.html,894
2024-09-17 02:57:30,403,user15,192.168.112.240,POST,/index.html,979
2024-09-17 05:14:30,403,user10,192.168.114.142,DELETE,/product.html,484
2024-09-16 17:12:30,403,user3,192.168.221.69,POST,/index.html,658
2024-09-16 20:07:30,302,user9,192.168.18.135,GET,/report.html,556
2024-09-17 10:00:30,500,user10,192.168.245.92,DELETE,/settings.html,567
2024-09-17 13:49:30,403,user3,192.168.67.68,POST,/index.html,176
2024-09-17 13:08:30,404,user18,192.168.23.151,PUT,/report.html,860
2024-09-17 01:37:30,500,user6,192.168.191.158,GET,/index.html,98
2024-09-17 11:25:30,404,user7,192.168.233.64,GET,/report.html,849
2024-09-16 18:53:30,500,user14,192.168.118.125,DELETE,/customer.html,497
2024-09-17 11:27:30,403,user5,192.168.197.112,DELETE,/product.html,157
2024-09-17 08:48:30,200,user3,192.168.105.245,POST,/product.html,956
2024-09-16 20:55:30,404,user3,192.168.209.169,GET,/settings.html,404
2024-09-16 16:19:30,200,user2,192.168.242.15,POST,/login.html,670
2024-09-17 05:21:30,200,user2,192.168.242.15,POST,/logout.html,512
2024-09-16 21:47:30,500,user14,192.168.203.229,PUT,/report.html,730
2024-09-17 13:00:30,500,user7,192.168.180.43,PUT,/customer.html,911
2024-09-17 01:59:30,403,user11,192.168.184.114,POST,/report.html,546
2024-09-16 21:31:30,403,user18,192.168.127.239,PUT,/product.html,730
2024-09-17 04:06:30,302,user12,192.168.62.210,DELETE,/settings.html,779
2024-09-17 02:01:30,500,user13,192.168.75.82,GET,/product.html,125
2024-09-17 14:36:30,200,user19,192.168.134.73,POST,/report.html,913
2024-09-17 04:03:30,404,user4,192.168.56.234,PUT,/index.html,287
2024-09-17 11:37:30,302,user6,192.168.139.203,GET,/product.html,928
2024-09-16 16:54:30,200,user8,192.168.82.41,POST,/login.html,333
2024-09-17 00:48:30,200,user8,192.168.82.41,POST,/logout.html,294
2024-09-16 19:15:30,404,user9,192.168.126.54,GET,/customer.html,369
2024-09-17 07:21:30,403,user13,192.168.109.86,PUT,/customer.html,765
2024-09-16 23:13:30,403,user9,192.168.216.87,GET,/settings.html,634
2024-09-17 05:43:30,500,user17,192.168.47.149,DELETE,/index.html,377
2024-09-16 23:17:30,404,user7,192.168.55.82,DELETE,/index.html,333
2024-09-17 05:28:30,200,user10,192.168.28.215,POST,/settings.html,430
2024-09-16 18:18:30,200,user16,192.168.115.141,GET,/report.html,977
2024-09-17 15:10:30,500,user10,192.168.186.206,POST,/customer.html,496
2024-09-16 16:04:30,200,user3,192.168.229.113,POST,/login.html,218
2024-09-16 21:01:30,200,user3,192.168.229.113,POST,/logout.html,651
2024-09-16 23:53:30,500,user3,192.168.184.83,PUT,/index.html,543
2024-09-16 16:33:30,403,user12,192.168.38.56,DELETE,/settings.html,492
2024-09-16 18:14:30,200,user19,192.168.29.225,POST,/login.html,618
2024-09-16 18:02:30,200,user19,192.168.29.225,POST,/logout.html,111
2024-09-17 08:18:30,403,user17,192.168.95.127,PUT,/customer.html,57
2024-09-17 03:46:30,500,user16,192.168.8.154,DELETE,/index.html,770
2024-09-16 20:41:30,200,user7,192.168.180.152,GET,/product.html,708
2024-09-17 11:59:30,200,user10,192.168.3.32,POST,/login.html,808
2024-09-16 22:01:30,200,user10,192.168.3.32,POST,/logout.html,960
2024-09-17 13:18:30,404,user8,192.168.227.160,PUT,/settings.html,930
2024-09-16 17:32:30,200,user7,192.168.84.72,POST,/product.html,471
2024-09-16 23:07:30,200,user4,192.168.102.190,POST,/index.html,787
2024-09-17 01:53:30,403,user3,192.168.13.108,POST,/product.html,156
2024-09-17 13:13:30,403,user20,192.168.101.27,DELETE,/settings.html,540
2024-09-16 22:15:30,403,user3,192.168.75.172,PUT,/product.html,756
2024-09-16 18:56:30,500,user15,192.168.11.128,GET,/product.html,827
2024-09-17 08:04:30,404,user11,192.168.96.28,DELETE,/product.html,778
2024-09-17 12:45:30,302,user16,192.168.195.107,PUT,/product.html,984
2024-09-17 10:07:30,200,user2,192.168.6.135,DELETE,/customer.html,94
2024-09-17 06:07:30,404,user1,192.168.114.103,DELETE,/report.html,957
2024-09-17 12:22:30,302,user6,192.168.196.64,PUT,/product.html,207
2024-09-17 08:14:30,500,user1,192.168.127.98,DELETE,/report.html,883
2024-09-17 07:59:30,403,user17,192.168.99.113,DELETE,/settings.html,970
2024-09-16 20:13:30,404,user19,192.168.59.98,PUT,/product.html,378
2024-09-16 23:48:30,404,user14,192.168.84.210,PUT,/report.html,588
2024-09-17 13:57:30,302,user10,192.168.161.4,GET,/product.html,849
2024-09-16 19:26:30,403,user19,192.168.58.22,POST,/product.html,603
2024-09-16 21:43:30,302,user1,192.168.156.96,POST,/customer.html,865
2024-09-17 08:08:30,302,user2,192.168.202.186,PUT,/settings.html,346
2024-09-16 18:16:30,302,user16,192.168.147.165,POST,/product.html,216
2024-09-17 13:08:30,403,user4,192.168.240.142,PUT,/index.html,613
2024-09-17 06:27:30,200,user2,192.168.204.79,POST,/login.html,85
2024-09-16 16:12:30,200,user2,192.168.204.79,POST,/logout.html,776
2024-09-17 00:33:30,403,user10,192.168.237.65,GET,/product.html,977
2024-09-17 12:41:30,404,user7,192.168.43.129,DELETE,/index.html,610
2024-09-17 13:18:30,302,user4,192.168.175.184,DELETE,/product.html,381
2024-09-17 09:42:30,403,user19,192.168.203.131,PUT,/product.html,207
2024-09-16 23:07:30,404,user18,192.168.126.86,DELETE,/customer.html,661
2024-09-16 19:02:30,200,user7,192.168.204.59,POST,/login.html,870
2024-09-17 13:58:30,200,user7,192.168.204.59,POST,/logout.html,144
2024-09-17 13:43:30,404,user19,192.168.247.130,DELETE,/product.html,67
2024-09-16 20:50:30,404,user6,192.168.84.178,PUT,/settings.html,232
2024-09-16 23:23:30,404,user10,192.168.103.239,PUT,/settings.html,771
2024-09-16 23:39:30,404,user4,192.168.128.144,DELETE,/settings.html,227
2024-09-17 02:26:30,302,user8,192.168.244.138,GET,/product.html,282
2024-09-17 15:00:30,200,user19,192.168.112.243,POST,/product.html,373
2024-09-16 22:04:30,302,user1,192.168.93.128,PUT,/settings.html,392
2024-09-17 13:28:30,200,user3,192.168.105.35,POST,/login.html,420
2024-09-17 05:04:30,200,user3,192.168.105.35,POST,/logout.html,445
2024-09-16 19:17:30,500,user14,192.168.65.231,POST,/report.html,212
2024-09-17 11:36:30,403,user20,192.168.5.44,PUT,/product.html,62
2024-09-17 07:29:30,404,user1,192.168.104.168,PUT,/customer.html,918
2024-09-16 22:37:30,200,user4,192.168.107.254,POST,/login.html,67
2024-09-17 08:39:30,200,user4,192.168.107.254,POST,/logout.html,255
2024-09-16 16:11:30,302,user14,192.168.110.195,PUT,/customer.html,306
2024-09-17 09:32:30,404,user1,192.168.91.173,GET,/customer.html,441
2024-09-17 12:18:30,500,user3,192.168.168.179,PUT,/product.html,389
2024-09-17 00:26:30,200,user9,192.168.143.84,POST,/login.html,259
2024-09-17 00:25:30,200,user9,192.168.143.84,POST,/logout.html,530
2024-09-17 07:34:30,302,user15,192.168.69.217,GET,/customer.html,131
2024-09-17 00:27:30,500,user7,192.168.173.150,PUT,/settings.html,90
2024-09-17 06:25:30,302,user11,192.168.249.176,DELETE,/report.html,238
2024-09-17 05:39:30,200,user8,192.168.29.157,GET,/index.html,541
2024-09-17 01:52:30,404,user7,192.168.6.199,GET,/report.html,616
2024-09-17 02:34:30,500,user16,192.168.170.138,PUT,/report.html,688
2024-09-16 19:43:30,200,user16,192.168.34.224,POST,/login.html,252
2024-09-16 17:39:30,200,user16,192.168.34.224,POST,/logout.html,397
2024-09-16 18:24:30,500,user13,192.168.172.195,GET,/customer.html,316
2024-09-17 01:31:30,200,user5,192.168.0.204,POST,/settings.html,911
2024-09-17 05:41:30,403,user1,192.168.64.57,POST,/customer.html,250
2024-09-17 08:45:30,404,user6,192.168.111.23,POST,/product.html,93
2024-09-17 11:01:30,500,user17,192.168.56.45,POST,/customer.html,52
2024-09-17 09:06:30,500,user7,192.168.167.78,DELETE,/index.html,510
2024-09-17 02:33:30,403,user5,192.168.28.49,DELETE,/settings.html,729
2024-09-17 06:45:30,200,user14,192.168.169.233,GET,/settings.html,426
2024-09-17 06:08:30,403,user10,192.168.139.110,GET,/settings.html,227
2024-09-16 16:59:30,200,user2,192.168.58.90,DELETE,/report.html,215
2024-09-17 01:55:30,200,user3,192.168.20.177,POST,/login.html,661
2024-09-17 11:49:30,200,user3,192.168.20.177,POST,/logout.html,835
2024-09-17 03:46:30,500,user10,192.168.172.68,POST,/settings.html,481
2024-09-17 15:51:30,404,user11,192.168.151.159,GET,/report.html,233
2024-09-17 03:51:30,302,user1,192.168.92.201,GET,/customer.html,582
2024-09-17 01:03:30,200,user20,192.168.39.56,POST,/index.html,732
2024-09-17 08:53:30,200,user16,192.168.93.69,POST,/login.html,995
2024-09-16 23:23:30,200,user16,192.168.93.69,POST,/logout.html,757
2024-09-16 22:07:30,404,user12,192.168.191.187,GET,/settings.html,409
2024-09-17 01:53:30,403,user16,192.168.18.37,GET,/settings.html,902
2024-09-17 09:20:30,200,user10,192.168.220.17,POST,/index.html,392
2024-09-16 17:16:30,200,user15,192.168.186.167,POST,/product.html,923
2024-09-16 23:25:30,404,user9,192.168.118.31,DELETE,/product.html,948
2024-09-17 08:06:30,404,user6,192.168.18.54,POST,/index.html,771
2024-09-16 22:05:30,403,user2,192.168.43.100,GET,/product.html,867
2024-09-16 22:02:30,404,user11,192.168.181.119,POST,/product.html,342
2024-09-16 22:24:30,200,user1,192.168.249.32,POST,/login.html,443
2024-09-17 07:10:30,200,user1,192.168.249.32,POST,/logout.html,158
2024-09-16 16:22:30,403,user20,192.168.250.227,POST,/product.html,389
2024-09-17 13:41:30,500,user14,192.168.23.231,PUT,/index.html,742
2024-09-17 06:09:30,200,user15,192.168.69.109,POST,/settings.html,100
2024-09-17 15:44:30,500,user19,192.168.22.139,DELETE,/product.html,770
2024-09-17 09:20:30,200,user15,192.168.73.38,POST,/product.html,90
2024-09-16 18:36:30,404,user5,192.168.117.80,POST,/report.html,673
2024-09-17 10:27:30,403,user9,192.168.39.17,DELETE,/customer.html,828
2024-09-16 20:52:30,404,user9,192.168.249.103,DELETE,/customer.html,78
2024-09-17 02:35:30,200,user9,192.168.56.218,POST,/product.html,154
2024-09-16 19:13:30,403,user3,192.168.71.32,POST,/customer.html,897
2024-09-16 21:52:30,403,user7,192.168.74.7,POST,/customer.html,200
2024-09-16 21:32:30,200,user5,192.168.38.248,POST,/report.html,940
2024-09-17 04:34:30,403,user11,192.168.73.96,POST,/customer.html,534
2024-09-17 03:03:30,403,user17,192.168.161.109,PUT,/product.html,760
2024-09-17 12:28:30,500,user19,192.168.54.80,POST,/product.html,416
2024-09-17 04:06:30,403,user15,192.168.121.146,DELETE,/index.html,469
2024-09-17 08:51:30,302,user2,192.168.152.70,PUT,/customer.html,308
2024-09-17 09:25:30,200,user9,192.168.187.32,POST,/login.html,302
2024-09-16 20:37:30,200,user9,192.168.187.32,POST,/logout.html,697
2024-09-16 16:12:30,403,user18,192.168.247.86,GET,/index.html,61
2024-09-16 20:01:30,302,user8,192.168.100.38,PUT,/settings.html,897
2024-09-16 23:32:30,200,user18,192.168.78.3,DELETE,/product.html,332
2024-09-16 23:32:30,404,user5,192.168.228.145,POST,/product.html,764
2024-09-17 14:33:30,404,user16,192.168.111.180,POST,/report.html,918
2024-09-16 23:50:30,302,user15,192.168.2.70,POST,/index.html,502
2024-09-17 07:49:30,200,user6,192.168.134.43,POST,/login.html,571
2024-09-16 23:21:30,200,user6,192.168.134.43,POST,/logout.html,915
2024-09-16 16:47:30,403,user11,192.168.222.17,PUT,/customer.html,304
2024-09-16 21:05:30,403,user4,192.168.197.29,DELETE,/customer.html,151
2024-09-17 00:14:30,302,user2,192.168.212.250,GET,/index.html,207
2024-09-16 16:25:30,404,user2,192.168.179.42,PUT,/report.html,69
2024-09-17 12:32:30,500,user14,192.168.15.182,GET,/index.html,452
2024-09-16 16:17:30,404,user6,192.168.244.50,DELETE,/index.html,816
2024-09-16 23:56:30,403,user1,192.168.171.236,DELETE,/customer.html,196
2024-09-16 22:41:30,403,user5,192.168.242.231,GET,/customer.html,203
2024-09-17 10:53:30,403,user13,192.168.10.219,PUT,/report.html,236
2024-09-16 18:22:30,500,user14,192.168.105.155,GET,/product.html,564
2024-09-17 14:08:30,403,user13,192.168.52.174,GET,/settings.html,915
2024-09-16 16:36:30,404,user18,192.168.86.2,DELETE,/product.html,207
2024-09-17 02:57:30,200,user11,192.168.243.61,DELETE,/index.html,998
2024-09-17 08:13:30,200,user3,192.168.89.87,POST,/login.html,555
2024-09-17 09:24:30,200,user3,192.168.89.87,POST,/logout.html,771
2024-09-16 23:13:30,500,user10,192.168.237.29,GET,/report.html,873
2024-09-17 09:24:30,500,user15,192.168.192.120,DELETE,/index.html,386
2024-09-17 05:05:30,404,user14,192.168.120.191,POST,/settings.html,551
2024-09-17 12:57:30,200,user17,192.168.41.5,PUT,/customer.html,922
2024-09-17 13:46:30,500,user9,192.168.12.218,DELETE,/product.html,525
2024-09-17 09:39:30,200,user15,192.168.207.190,POST,/login.html,171
2024-09-16 17:22:30,200,user15,192.168.207.190,POST,/logout.html,667
2024-09-17 00:01:30,302,user19,192.168.125.59,DELETE,/product.html,771
2024-09-17 02:43:30,200,user5,192.168.142.215,DELETE,/product.html,358
2024-09-17 04:14:30,302,user13,192.168.88.232,PUT,/index.html,53
2024-09-16 16:38:30,200,user8,192.168.62.219,POST,/login.html,171
2024-09-17 15:55:30,200,user8,192.168.62.219,POST,/logout.html,228
2024-09-17 09:31:30,302,user17,192.168.196.60,PUT,/settings.html,428
2024-09-17 09:59:30,200,user15,192.168.77.87,GET,/report.html,708
2024-09-16 21:23:30,500,user1,192.168.2.144,POST,/product.html,255
2024-09-16 20:11:30,404,user16,192.168.28.185,DELETE,/index.html,915
2024-09-16 21:04:30,404,user13,192.168.153.186,POST,/customer.html,962
2024-09-16 18:10:30,302,user4,192.168.98.230,DELETE,/settings.html,859
2024-09-16 23:52:30,302,user17,192.168.64.223,GET,/settings.html,877
2024-09-16 17:36:30,302,user19,192.168.191.214,GET,/settings.html,575
2024-09-16 20:53:30,404,user6,192.168.228.45,PUT,/settings.html,574
2024-09-17 06:10:30,404,user9,192.168.69.133,POST,/index.html,206
2024-09-17 13:01:30,403,user17,192.168.188.104,DELETE,/settings.html,632
2024-09-16 17:24:30,500,user3,192.168.254.250,PUT,/product.html,706
2024-09-17 15:03:30,500,user6,192.168.100.133,PUT,/product.html,856
2024-09-16 19:38:30,403,user17,192.168.56.176,DELETE,/report.html,811
2024-09-17 11:22:30,200,user14,192.168.12.206,GET,/settings.html,359
2024-09-17 07:21:30,403,user20,192.168.208.176,GET,/index.html,597
2024-09-17 08:29:30,302,user5,192.168.133.127,PUT,/product.html,969
2024-09-16 17:14:30,404,user16,192.168.152.12,DELETE,/report.html,800
2024-09-17 05:02:30,500,user7,192.168.92.212,DELETE,/customer.html,515
2024-09-17 06:25:30,403,user10,192.168.76.20,PUT,/settings.html,760
2024-09-16 16:21:30,500,user15,192.168.192.189,GET,/product.html,569
2024-09-17 01:39:30,302,user4,192.168.232.208,DELETE,/product.html,560
2024-09-17 04:01:30,404,user11,192.168.46.211,GET,/index.html,377
2024-09-16 23:32:30,404,user8,192.168.215.151,DELETE,/index.html,319
2024-09-17 09:23:30,200,user6,192.168.102.251,DELETE,/report.html,826
2024-09-16 19:52:30,404,user1,192.168.88.64,PUT,/settings.html,888
2024-09-16 16:52:30,200,user11,192.168.82.70,DELETE,/product.html,425
2024-09-16 23:00:30,500,user15,192.168.230.2,POST,/report.html,485
2024-09-17 08:31:30,500,user11,192.168.26.33,DELETE,/product.html,135
2024-09-16 21:52:30,404,user13,192.168.200.51,DELETE,/settings.html,292
2024-09-17 05:36:30,403,user20,192.168.181.134,POST,/customer.html,756
2024-09-17 08:00:30,404,user17,192.168.45.205,POST,/settings.html,191
2024-09-16 17:38:30,200,user11,192.168.111.150,POST,/product.html,723
2024-09-16 16:46:30,200,user19,192.168.137.198,POST,/index.html,345
2024-09-17 02:50:30,200,user12,192.168.2.152,DELETE,/product.html,535
2024-09-17 14:53:30,200,user1,192.168.47.120,GET,/report.html,622
2024-09-16 21:33:30,403,user14,192.168.21.221,PUT,/report.html,442
2024-09-16 16:11:30,500,user16,192.168.141.9,POST,/index.html,808
2024-09-16 18:35:30,404,user14,192.168.3.38,PUT,/settings.html,823
2024-09-17 13:31:30,302,user6,192.168.115.185,DELETE,/product.html,970
2024-09-17 10:40:30,403,user12,192.168.242.166,POST,/settings.html,387
2024-09-17 01:22:30,404,user2,192.168.218.234,GET,/product.html,326
2024-09-17 15:21:30,200,user15,192.168.206.1,POST,/login.html,554
2024-09-17 07:09:30,200,user15,192.168.206.1,POST,/logout.html,705
2024-09-16 17:18:30,403,user3,192.168.169.132,PUT,/index.html,87
2024-09-17 00:56:30,403,user3,192.168.51.251,DELETE,/customer.html,663
2024-09-17 04:19:30,500,user7,192.168.105.75,PUT,/settings.html,186
2024-09-17 06:11:30,500,user4,192.168.218.247,DELETE,/index.html,768
2024-09-17 13:19:30,500,user10,192.168.42.220,GET,/customer.html,596
2024-09-17 07:18:30,302,user7,192.168.109.190,DELETE,/report.html,824
2024-09-17 06:24:30,403,user2,192.168.173.132,PUT,/customer.html,707
2024-09-16 17:16:30,404,user9,192.168.153.28,POST,/report.html,354
2024-09-17 02:56:30,302,user9,192.168.162.126,DELETE,/product.html,137
2024-09-17 10:31:30,403,user14,192.168.243.118,DELETE,/settings.html,892
2024-09-17 13:45:30,500,user9,192.168.236.71,POST,/settings.html,428
2024-09-16 18:54:30,404,user17,192.168.165.222,GET,/customer.html,175
2024-09-17 00:38:30,302,user16,192.168.191.186,DELETE,/customer.html,206
2024-09-17 13:03:30,200,user11,192.168.236.41,POST,/login.html,781
2024-09-17 01:28:30,200,user11,192.168.236.41,POST,/logout.html,842
2024-09-17 15:54:30,200,user12,192.168.125.33,POST,/login.html,968
2024-09-16 19:08:30,200,user12,192.168.125.33,POST,/logout.html,119
2024-09-17 05:26:30,500,user18,192.168.101.11,GET,/index.html,294
2024-09-16 16:47:30,404,user5,192.168.87.181,GET,/settings.html,950
2024-09-16 22:54:30,302,user17,192.168.42.237,PUT,/settings.html,879
2024-09-17 11:04:30,500,user6,192.168.110.64,DELETE,/report.html,254
2024-09-17 15:02:30,404,user6,192.168.86.194,PUT,/index.html,729
2024-09-17 06:12:30,200,user20,192.168.82.14,DELETE,/report.html,80
2024-09-16 22:51:30,500,user17,192.168.148.158,DELETE,/product.html,641
2024-09-16 18:51:30,302,user13,192.168.230.227,GET,/customer.html,231
2024-09-16 21:37:30,200,user5,192.168.193.16,DELETE,/report.html,191
2024-09-16 16:49:30,500,user6,192.168.63.171,POST,/index.html,197
2024-09-17 00:39:30,302,user13,192.168.151.199,GET,/customer.html,381
2024-09-16 23:52:30,200,user5,192.168.32.202,POST,/login.html,508
2024-09-17 10:17:30,200,user5,192.168.32.202,POST,/logout.html,854
2024-09-17 03:21:30,200,user4,192.168.208.253,POST,/login.html,786
2024-09-16 19:59:30,200,user4,192.168.208.253,POST,/logout.html,393
2024-09-17 02:39:30,404,user20,192.168.117.185,POST,/report.html,693
2024-09-17 14:47:30,200,user8,192.168.221.41,POST,/product.html,330
2024-09-17 03:23:30,404,user18,192.168.51.72,DELETE,/customer.html,824
2024-09-17 16:00:30,302,user17,192.168.82.3,PUT,/product.html,314
2024-09-17 07:21:30,200,user12,192.168.112.155,POST,/login.html,634
2024-09-17 13:24:30,200,user12,192.168.112.155,POST,/logout.html,674
2024-09-17 06:13:30,200,user18,192.168.158.77,DELETE,/report.html,992
2024-09-16 18:17:30,302,user18,192.168.46.159,POST,/product.html,425
2024-09-17 02:12:30,302,user9,192.168.13.125,PUT,/customer.html,408
2024-09-16 19:16:30,500,user6,192.168.228.145,DELETE,/customer.html,766
2024-09-17 03:49:30,404,user14,192.168.93.255,PUT,/index.html,932
2024-09-17 13:02:30,302,user20,192.168.223.129,DELETE,/product.html,466
2024-09-17 15:11:30,404,user13,192.168.223.2,POST,/settings.html,371
2024-09-16 19:50:30,200,user20,192.168.63.153,POST,/login.html,613
2024-09-17 15:35:30,200,user20,192.168.63.153,POST,/logout.html,140
2024-09-17 00:12:30,302,user7,192.168.139.142,GET,/report.html,827
2024-09-17 06:07:30,200,user14,192.168.15.143,GET,/report.html,152
2024-09-17 00:45:30,404,user10,192.168.105.187,POST,/index.html,287
2024-09-17 06:04:30,302,user12,192.168.218.76,GET,/report.html,504
2024-09-17 12:53:30,500,user14,192.168.145.123,GET,/index.html,175
2024-09-17 14:00:30,500,user18,192.168.73.172,DELETE,/settings.html,505
2024-09-17 08:52:30,302,user12,192.168.166.22,GET,/settings.html,439
2024-09-17 04:16:30,403,user4,192.168.246.151,POST,/index.html,316
2024-09-16 18:18:30,403,user17,192.168.19.152,PUT,/index.html,713
2024-09-16 22:36:30,500,user9,192.168.82.86,GET,/customer.html,792
2024-09-17 08:32:30,200,user6,192.168.42.234,PUT,/report.html,432
2024-09-17 14:14:30,200,user14,192.168.3.27,PUT,/settings.html,534
2024-09-17 10:05:30,500,user7,192.168.131.140,POST,/product.html,824
2024-09-17 02:47:30,403,user13,192.168.187.245,PUT,/settings.html,436
2024-09-17 07:15:30,200,user10,192.168.211.91,DELETE,/report.html,499
2024-09-16 16:28:30,404,user15,192.168.75.216,DELETE,/report.html,384
2024-09-17 11:09:30,500,user4,192.168.90.26,DELETE,/index.html,677
2024-09-17 02:38:30,403,user8,192.168.195.239,PUT,/product.html,78
2024-09-17 06:56:30,404,user17,192.168.83.248,DELETE,/customer.html,410
2024-09-16 21:50:30,404,user10,192.168.0.104,POST,/settings.html,372
2024-09-17 04:29:30,404,user20,192.168.198.183,POST,/customer.html,734
2024-09-17 11:34:30,403,user16,192.168.142.142,POST,/settings.html,170
2024-09-17 12:56:30,500,user5,192.168.110.12,PUT,/settings.html,460
2024-09-17 12:29:30,500,user1,192.168.91.15,DELETE,/index.html,533
2024-09-17 04:15:30,302,user12,192.168.218.27,DELETE,/product.html,723
2024-09-17 03:04:30,403,user10,192.168.20.198,PUT,/settings.html,986
2024-09-17 11:42:30,500,user15,192.168.87.95,GET,/report.html,87
2024-09-16 23:59:30,302,user10,192.168.117.92,GET,/customer.html,665
2024-09-16 18:18:30,200,user12,192.168.202.183,POST,/login.html,244
2024-09-16 18:54:30,200,user12,192.168.202.183,POST,/logout.html,214
2024-09-17 13:22:30,200,user10,192.168.101.107,POST,/login.html,357
2024-09-17 02:24:30,200,user10,192.168.101.107,POST,/logout.html,256
2024-09-17 00:33:30,404,user8,192.168.73.215,POST,/index.html,179
2024-09-16 17:49:30,403,user17,192.168.42.33,DELETE,/settings.html,120
2024-09-17 12:24:30,500,user8,192.168.242.74,POST,/customer.html,589
2024-09-16 20:54:30,500,user2,192.168.216.231,DELETE,/settings.html,838
2024-09-17 04:28:30,500,user11,192.168.48.54,DELETE,/report.html,381
2024-09-17 11:24:30,302,user20,192.168.95.226,DELETE,/settings.html,248
2024-09-17 06:45:30,302,user6,192.168.172.157,POST,/settings.html,991
2024-09-17 14:55:30,302,user19,192.168.115.172,GET,/report.html,162
2024-09-17 10:20:30,500,user13,192.168.99.17,GET,/settings.html,473
2024-09-17 08:34:30,200,user5,192.168.142.246,POST,/login.html,523
2024-09-17 05:56:30,200,user5,192.168.142.246,POST,/logout.html,704
2024-09-16 23:19:30,403,user13,192.168.237.250,GET,/customer.html,720
2024-09-16 19:00:30,500,user13,192.168.228.177,POST,/customer.html,356
2024-09-16 16:15:30,500,user7,192.168.96.97,DELETE,/customer.html,764
2024-09-17 02:23:30,200,user1,192.168.179.148,POST,/login.html,762
2024-09-17 15:41:30,200,user1,192.168.179.148,POST,/logout.html,432
2024-09-17 09:52:30,403,user17,192.168.69.17,POST,/index.html,225
2024-09-17 02:29:30,302,user16,192.168.207.227,DELETE,/settings.html,609
2024-09-17 06:08:30,500,user10,192.168.37.152,DELETE,/index.html,163
2024-09-16 20:24:30,403,user4,192.168.143.46,PUT,/report.html,447
2024-09-16 21:22:30,200,user9,192.168.173.125,POST,/login.html,439
2024-09-17 00:48:30,200,user9,192.168.173.125,POST,/logout.html,833
2024-09-16 18:11:30,403,user10,192.168.251.232,PUT,/product.html,270
2024-09-16 18:55:30,500,user11,192.168.244.183,POST,/settings.html,589
2024-09-17 08:51:30,302,user7,192.168.95.72,PUT,/settings.html,312
2024-09-17 00:18:30,404,user14,192.168.239.226,DELETE,/report.html,833
2024-09-17 09:43:30,500,user20,192.168.112.185,PUT,/index.html,653
2024-09-17 10:44:30,302,user17,192.168.226.61,DELETE,/settings.html,716
2024-09-17 02:34:30,403,user2,192.168.51.178,POST,/customer.html,673
2024-09-16 23:45:30,404,user20,192.168.125.111,POST,/report.html,646
2024-09-17 07:38:30,302,user7,192.168.209.154,GET,/report.html,925
2024-09-17 03:19:30,200,user1,192.168.189.236,POST,/settings.html,594
2024-09-16 18:50:30,500,user4,192.168.173.209,POST,/index.html,206
2024-09-17 14:17:30,404,user10,192.168.31.191,DELETE,/settings.html,456
2024-09-17 02:21:30,404,user13,192.168.213.209,DELETE,/settings.html,804
2024-09-17 01:01:30,302,user11,192.168.5.124,GET,/product.html,161
2024-09-16 19:03:30,404,user1,192.168.150.153,DELETE,/report.html,864
2024-09-16 21:14:30,404,user9,192.168.61.222,POST,/product.html,142
2024-09-17 02:01:30,200,user13,192.168.183.109,PUT,/settings.html,201
2024-09-17 05:42:30,404,user6,192.168.9.131,DELETE,/index.html,185
2024-09-17 07:04:30,404,user3,192.168.224.180,GET,/index.html,430
2024-09-16 18:55:30,200,user9,192.168.117.91,POST,/login.html,266
2024-09-17 10:03:30,200,user9,192.168.117.91,POST,/logout.html,382
2024-09-17 00:22:30,403,user14,192.168.130.155,POST,/product.html,160
2024-09-17 13:58:30,403,user15,192.168.131.82,PUT,/product.html,666
2024-09-17 06:27:30,302,user20,192.168.216.17,POST,/report.html,440
2024-09-17 13:58:30,302,user6,192.168.243.93,PUT,/index.html,247
2024-09-17 06:26:30,404,user3,192.168.225.8,DELETE,/customer.html,696
2024-09-17 15:18:30,200,user15,192.168.209.251,POST,/login.html,636
2024-09-17 10:06:30,200,user15,192.168.209.251,POST,/logout.html,109
2024-09-17 13:57:30,200,user3,192.168.210.240,POST,/settings.html,983
2024-09-17 13:50:30,500,user11,192.168.222.107,DELETE,/product.html,858
2024-09-16 20:37:30,403,user6,192.168.32.21,PUT,/product.html,154
2024-09-17 15:33:30,500,user11,192.168.240.146,POST,/index.html,456
2024-09-17 05:14:30,200,user15,192.168.187.242,POST,/login.html,876
2024-09-16 22:51:30,200,user15,192.168.187.242,POST,/logout.html,962
2024-09-17 08:57:30,200,user20,192.168.28.42,POST,/login.html,367
2024-09-16 16:41:30,200,user20,192.168.28.42,POST,/logout.html,816
2024-09-16 17:10:30,302,user6,192.168.1.247,GET,/product.html,968
2024-09-17 09:48:30,200,user4,192.168.176.98,POST,/login.html,114
2024-09-17 03:04:30,200,user4,192.168.176.98,POST,/logout.html,244
2024-09-16 23:19:30,302,user6,192.168.245.124,GET,/product.html,766
2024-09-16 21:29:30,500,user16,192.168.181.161,GET,/product.html,938
2024-09-17 09:13:30,200,user12,192.168.220.0,POST,/login.html,132
2024-09-16 17:49:30,200,user12,192.168.220.0,POST,/logout.html,195
2024-09-17 01:28:30,404,user6,192.168.117.198,DELETE,/settings.html,688
2024-09-16 19:35:30,200,user4,192.168.253.83,GET,/report.html,260
2024-09-17 12:38:30,403,user3,192.168.64.174,DELETE,/settings.html,708
2024-09-17 09:00:30,403,user1,192.168.1.235,DELETE,/report.html,313
2024-09-17 12:59:30,404,user18,192.168.100.18,PUT,/report.html,383
2024-09-17 14:10:30,404,user7,192.168.80.107,DELETE,/settings.html,259
2024-09-17 11:13:30,200,user8,192.168.161.40,POST,/settings.html,53
2024-09-17 10:54:30,302,user6,192.168.172.80,GET,/report.html,194
2024-09-17 03:37:30,200,user5,192.168.52.45,POST,/login.html,781
2024-09-17 06:26:30,200,user5,192.168.52.45,POST,/logout.html,298
2024-09-16 21:19:30,404,user7,192.168.228.51,PUT,/product.html,341
2024-09-17 13:56:30,200,user20,192.168.117.64,DELETE,/report.html,384
2024-09-16 22:42:30,403,user5,192.168.210.115,DELETE,/report.html,537
2024-09-17 11:14:30,200,user19,192.168.63.169,PUT,/report.html,586
2024-09-17 13:09:30,403,user5,192.168.203.130,DELETE,/report.html,738
2024-09-16 19:20:30,302,user13,192.168.142.104,PUT,/settings.html,353
2024-09-17 14:20:30,500,user17,192.168.162.12,PUT,/index.html,431
2024-09-17 02:56:30,302,user17,192.168.179.186,POST,/index.html,88
2024-09-16 19:08:30,404,user2,192.168.41.69,POST,/customer.html,912
2024-09-16 16:26:30,404,user10,192.168.39.255,DELETE,/index.html,657
2024-09-17 04:08:30,403,user3,192.168.124.115,GET,/settings.html,133
2024-09-16 21:16:30,403,user3,192.168.150.106,DELETE,/customer.html,912
2024-09-17 02:41:30,403,user10,192.168.121.142,DELETE,/index.html,501
2024-09-16 21:42:30,200,user17,192.168.111.75,DELETE,/product.html,621
2024-09-17 14:13:30,200,user19,192.168.254.45,DELETE,/product.html,742
2024-09-17 08:58:30,500,user19,192.168.152.239,POST,/settings.html,157
2024-09-17 05:10:30,404,user12,192.168.249.252,POST,/settings.html,808
2024-09-17 06:06:30,403,user19,192.168.43.169,DELETE,/report.html,826
2024-09-16 19:09:30,500,user6,192.168.69.92,GET,/settings.html,513
2024-09-16 20:55:30,200,user1,192.168.207.136,POST,/settings.html,335
2024-09-17 10:10:30,500,user10,192.168.23.178,POST,/index.html,464
2024-09-17 10:08:30,302,user17,192.168.85.254,DELETE,/index.html,62
2024-09-17 10:30:30,200,user9,192.168.148.211,PUT,/customer.html,413
2024-09-17 06:42:30,404,user2,192.168.33.186,DELETE,/settings.html,559
2024-09-17 05:35:30,500,user11,192.168.50.146,POST,/report.html,843
2024-09-17 08:17:30,302,user3,192.168.147.186,DELETE,/customer.html,405
2024-09-17 15:27:30,403,user9,192.168.12.71,PUT,/settings.html,789
2024-09-17 01:18:30,200,user1,192.168.130.7,POST,/login.html,585
2024-09-16 23:41:30,200,user1,192.168.130.7,POST,/logout.html,279
2024-09-17 06:29:30,404,user7,192.168.49.46,POST,/report.html,596
2024-09-17 00:18:30,404,user8,192.168.177.158,PUT,/report.html,134
2024-09-16 21:29:30,302,user4,192.168.190.166,DELETE,/settings.html,61
2024-09-16 18:56:30,200,user19,192.168.87.83,GET,/report.html,498
2024-09-16 19:54:30,302,user4,192.168.173.67,PUT,/product.html,572
2024-09-17 13:40:30,200,user14,192.168.141.243,DELETE,/settings.html,490
2024-09-16 17:32:30,403,user2,192.168.195.90,GET,/report.html,765
2024-09-17 02:26:30,404,user17,192.168.129.20,DELETE,/settings.html,998
2024-09-17 04:28:30,500,user10,192.168.57.7,DELETE,/customer.html,822
2024-09-17 10:40:30,404,user19,192.168.61.93,PUT,/report.html,623
2024-09-16 16:12:30,500,user18,192.168.74.10,PUT,/product.html,415
2024-09-17 14:19:30,403,user9,192.168.179.83,POST,/index.html,163
2024-09-17 09:11:30,500,user4,192.168.233.187,GET,/product.html,357
2024-09-17 15:43:30,403,user5,192.168.238.247,DELETE,/customer.html,356
2024-09-16 16:25:30,500,user19,192.168.105.121,POST,/report.html,102
2024-09-17 12:12:30,404,user4,192.168.26.163,POST,/index.html,136
2024-09-16 18:07:30,403,user20,192.168.13.4,DELETE,/customer.html,233
2024-09-16 18:19:30,500,user1,192.168.50.34,GET,/customer.html,59
2024-09-16 17:59:30,500,user8,192.168.37.167,POST,/index.html,236
2024-09-17 09:37:30,200,user7,192.168.22.99,PUT,/index.html,191
2024-09-17 03:47:30,302,user6,192.168.146.183,POST,/customer.html,568
2024-09-16 21:14:30,200,user8,192.168.146.39,DELETE,/customer.html,325
2024-09-17 05:11:30,404,user12,192.168.176.2,DELETE,/settings.html,298
2024-09-16 21:41:30,302,user15,192.168.128.103,GET,/settings.html,68
2024-09-17 09:50:30,200,user7,192.168.140.165,POST,/login.html,91
2024-09-17 14:32:30,200,user7,192.168.140.165,POST,/logout.html,184
2024-09-16 21:11:30,200,user13,192.168.61.214,POST,/login.html,310
2024-09-17 14:18:30,200,user13,192.168.61.214,POST,/logout.html,970
2024-09-16 22:25:30,403,user2,192.168.109.241,GET,/product.html,639
2024-09-17 00:05:30,302,user3,192.168.208.141,GET,/index.html,873
2024-09-16 23:46:30,404,user11,192.168.37.95,GET,/report.html,509
2024-09-17 08:37:30,404,user7,192.168.130.82,POST,/report.html,990
2024-09-17 09:31:30,302,user6,192.168.173.24,DELETE,/report.html,688
2024-09-16 16:36:30,404,user9,192.168.196.100,GET,/product.html,659
2024-09-17 15:32:30,302,user7,192.168.30.7,PUT,/index.html,532
2024-09-17 15:10:30,404,user12,192.168.219.168,DELETE,/settings.html,62
